Code;Label;Deaths from causes considered preventable, under 75 years, SMR;Deaths from respiratory diseases, all ages;Deaths from stroke, all ages;Deaths from coronary heart disease, all ages;Deaths from circulatory disease,  under 75 years;Deaths from circulatory disease, all ages;Deaths from all cancer,  under 75 years;Deaths from all causes,  under 75 years;Deaths from all cancer, all ages;Deaths from all causes, all ages;Life expectancy at birth for females;Life expectancy at birth for males;Limiting long-term illness or disability;Hospital stays for self harm;Incidence of prostate cancer;Incidence of lung cancer;Incidence of colorectal cancer;Incidence of breast cancer;Incidence of all cancer;Emergency hospital admissions for hip fracture in 65+;Emergency hospital admissions for Chronic Obstructive Pulmonary Disease (COPD);Emergency hospital admissions for Myocardial Infarction (heart attack);Emergency hospital admissions for stroke;Emergency hospital admissions for coronary heart disease;Emergency hospital admissions for all causes
E06000001;Hartlepool;147.8;130.2;116;113.7;133.7;112.7;129.8;133.2;122.1;119.5;81.3;76.6;23.2;119.9;84;160.4;101.6;89.8;108;118.5;202.3;171.2;131.1;161.7;134.1,,,,,,,,,,,
E06000002;Middlesbrough;165.8;146.9;140.8;138.6;147.9;130.5;134.3;148;131.1;133.5;80;75.8;20.9;185.9;94.2;167.5;107.5;95.1;112.3;127.4;211.6;128.9;129.1;120;135.9,,,,,,,,,,,
E06000003;Redcar and Cleveland;130.5;118.7;120.7;123;128.9;115.3;116.9;120.8;111.3;111.5;81.7;77.9;22.7;136.2;98.4;134.2;100.5;97.7;107.8;96.8;153.4;101;109.5;93.4;113.6,,,,,,,,,,,
E06000004;Stockton-on-Tees;124.5;112.2;111.8;114.2;107.5;110.2;115.7;118;110.4;113;81.5;78.3;19;136.1;93.8;131.6;104;89.2;105.5;106.8;158.9;163.2;130.3;151.6;132.1,,,,,,,,,,,
E06000005;Darlington;118.5;115.8;108.3;104.5;109.4;102.6;109.6;115.7;108.3;110.1;81.9;78.6;19.6;112.7;94.1;125.3;102.2;95.1;103.5;115.6;118.1;145.7;104.3;118.4;111.5,,,,,,,,,,,
E06000006;Halton;134.6;142.4;114.4;120.4;122;112.6;126.4;126.1;123.3;120.3;81.1;77.5;21.4;185.2;85.3;145.9;117.4;102.2;110.7;118.4;116.7;134.5;109.5;150.2;139.5,,,,,,,,,,,
E06000007;Warrington;102.6;118;113.8;114.7;108.8;109.2;103.6;105.2;102.9;109.3;82.4;79;17.3;166.6;86.6;108.4;104.2;99.1;101.1;114.6;87.7;126.9;106.4;131.6;120.7,,,,,,,,,,,
E06000008;Blackburn with Darwen;151.7;164.7;115.8;158.5;149.8;126.9;117.8;136.4;117.5;128.4;80.3;76.8;20.2;133;78.1;129.2;103.2;101.5;103.1;113.1;194.5;154.2;116;181.2;132.9,,,,,,,,,,,
E06000009;Blackpool;187.8;161.8;123.5;145.4;167.2;133;133.7;167.2;122.2;136.5;79.5;74.2;25.6;245.9;86.6;142.8;102.2;91.8;110.4;117.5;202.2;140;110.3;124.7;132.3,,,,,,,,,,,
E06000010;Kingston upon Hull, City of;162.3;164.2;153.4;148.1;149.9;137.4;129.2;144.8;130.2;135.2;80.1;76;19.7;127.3;95.6;174.8;106;86.4;111;129.1;218.9;121.5;117;120;110.5,,,,,,,,,,
E06000011;East Riding of Yorkshire;85.9;96.5;111.8;104.3;93.8;105.4;91.5;89.9;97.8;98.9;83.6;80.2;19.1;80.7;100.5;91.3;99.9;94.3;98.5;100.1;81.4;98.8;97.2;103.2;83.2,,,,,,,,,,,
E06000012;North East Lincolnshire;131.9;104.9;107.5;127.1;125.4;115.4;119.5;121.1;111.1;111.5;82.2;77.6;19.5;106;93.8;126.1;95.7;92;104.5;113.1;115.6;106.6;114.1;118.5;86.5,,,,,,,,,,,
E06000013;North Lincolnshire;113.2;112.3;104.8;108.3;102.1;107.5;107;108.6;106.9;106.6;82.6;78.9;19.3;81.3;92.9;118.1;104.4;94.4;104.5;109;128.8;109.8;99.8;147.6;100.8,,,,,,,,,,,
E06000014;York;92;92;100.7;99.3;92.4;99.7;100.4;95.9;97.9;95.8;83.6;80.2;15.3;110.8;92.4;83.8;106.1;95.5;96.9;96.9;84.2;122.9;104.3;115.4;105.9,,,,,,,,,,,
E06000015;Derby;120;104.8;106.1;115.2;122.9;110.6;110.6;116;106.6;107.5;82.3;78.4;18.7;134.5;91.7;111.7;95.3;93.6;101.8;94.1;117;118.9;112.5;132.6;104,,,,,,,,,,,
E06000016;Leicester;124.1;119.4;113.4;137.3;147.9;123.1;105.8;121.9;101.9;115.7;82;77.3;17.3;74.7;67.9;110.8;82.9;88.7;90.5;134;160;131.2;108.7;123.5;116.4,,,,,,,,,,,
E06000017;Rutland;66.4;69.3;78.3;82.8;64.6;84.2;81.2;69.8;83.5;81.6;85.5;82.6;15.5;64.9;113;58.7;95.1;109.8;94.9;114.1;53.3;65.6;84.1;64.2;67.9,,,,,,,,,,,
E06000018;Nottingham;143.7;124.2;110.4;125.9;146.2;119.8;123.2;136.3;116.3;117.7;81.1;77.1;18.1;104;94.3;134.3;108.1;102.5;105.5;91.6;159.6;108.6;116.2;107.9;96.7,,,,,,,,,,,
E06000019;Herefordshire, County of;88.2;83.7;110.1;103.7;88.4;109.2;92.1;89.8;93.8;95.9;83.9;79.9;18.7;87.7;98;69.3;109.4;100;93.8;96.9;71.4;85.9;104.5;84.4;83,,,,,,,,,,
E06000020;Telford and Wrekin;114.1;119.6;106.1;110.3;119.2;106.8;112.2;113.9;111.1;112.6;82;78.5;18.6;108.8;94.2;106.8;107.7;109.6;103.6;106.1;104.8;134.7;125.2;145.2;108.2,,,,,,,,,,,
E06000021;Stoke-on-Trent;146.4;149.9;94.5;128.5;127.9;117.2;127.3;136.7;125.1;127.9;80.4;76.4;22.7;184;85.9;150.6;117.8;97.4;111.1;114.9;217.6;123.6;112.1;100.2;150.7,,,,,,,,,,,
E06000022;Bath and North East Somerset;76.8;75.7;89.7;80.8;75.7;87.9;90.3;83.3;92.9;91.3;84.7;80.8;16.1;115.7;102.5;69.8;105.3;111;98.6;90.2;62.1;69.2;79.5;76.6;83.1,,,,,,,,,,,
E06000023;Bristol, City of;114.9;107.2;89.3;88.9;105.9;92.2;114.8;114.1;108.5;105.1;82.8;78.6;16.7;151.6;102.6;118.9;98.8;118.1;110.8;101.9;145.3;97;97.3;100.8;103.4,,,,,,,,,,
E06000024;North Somerset;81.9;89.6;91.8;78.6;85;85.6;92;87.8;94;95.4;84.1;80.3;19.1;125.4;109.3;81;103.3;109.2;103.4;99.5;78.6;92.4;95;84.5;87.1,,,,,,,,,,,
E06000025;South Gloucestershire;74.1;80.2;83;78.6;77;80.6;93;81.5;95.7;88.2;84.6;81.4;15.6;126.7;105.9;81.4;100.7;104.2;100.8;93.5;87.3;88.9;79.9;87.4;94.6,,,,,,,,,,,
E06000026;Plymouth;116.8;109.7;104.1;106.4;110.1;107.6;110.1;110.1;109.1;107.9;82.3;78.9;20.4;132.3;88.3;123.3;95.9;95.7;105.3;97.6;106.8;95.5;91.7;105.9;103.8,,,,,,,,,,,
E06000027;Torbay;110.7;106.5;111.6;98.5;105.3;103;102.3;107.7;99.3;103.8;82.6;78.8;24;172.9;96.2;96.5;104.3;95.4;100.8;98.3;98.4;99.1;107;93.3;115.2,,,,,,,,,,,
E06000030;Swindon;92.7;109;96.1;98.5;99.6;99.9;102;96;99.2;100.2;83.3;80;15.4;192.4;87.9;95.9;101.4;99.1;98.3;106;101.6;108.6;105.9;112.1;116.7,,,,,,,,,,,
E06000031;Peterborough;115.9;106.9;107.5;111.6;123.9;108.1;107.4;114.8;103.1;106.4;82.4;78.6;16.7;135;122.2;94.9;95.6;98.4;102.7;107.2;123.1;103;98.6;106;98.5,,,,,,,,,,,
E06000032;Luton;108.3;111.6;109.4;103.6;125.5;104.3;110.6;115.6;104.6;105.4;82.5;78.6;15.1;93.8;102.6;102.8;100.4;92.3;95.2;84.7;132.1;153.1;92.4;148.9;133.6,,,,,,,,,,,
E06000033;Southend-on-Sea;105.1;114;83.6;96.2;105.5;100.4;107.4;108.7;103.9;107.6;82.6;78.8;18.5;81.8;85.8;91.6;91.2;97.8;94.8;107.5;133;90.3;113.7;100.5;108.2,,,,,,,,,,,
E06000034;Thurrock;98.5;117.2;104.9;114.7;111.8;110.6;106.8;102.6;111;109.2;82.5;79.2;15.6;51.7;86;119;99.4;95;101;115.3;126.1;98.9;108;98.6;96,,,,,,,,,,,
E06000035;Medway;107.2;122;86.5;97.6;100.9;98.2;114.4;109.3;112.7;108.8;82.5;78.8;16.4;84.9;95.5;115.5;102.9;103.1;102.4;107.3;117.7;98.2;80;105.7;101.8,,,,,,,,,,,
E06000036;Bracknell Forest;77.7;87.8;72.1;76.5;72.6;79.2;95.2;82.6;94.4;84.3;85.1;81.7;12.3;104.5;102.5;84.6;107.2;111.5;103.3;92.8;68.4;72.5;86.8;73.8;88,,,,,,,,,,,
E06000037;West Berkshire;74.9;90.2;84.8;77;67.1;78.4;85.2;77.9;89.3;85.7;84.9;81.6;13.2;107.6;106.3;71.4;104.1;100.9;96.4;93.8;66.8;69;95.1;62.8;77.8,,,,,,,,,,,
E06000038;Reading;106.5;113.2;99.1;91.2;102.5;95;108;109.5;104;102.4;83.1;79.1;12.9;123.4;111.9;89.4;102.6;96.6;100.4;87.8;114.9;74.7;106.2;76;96.5,,,,,,,,,,,
E06000039;Slough;114.9;108.4;109.6;139.3;141.9;117.4;99.9;116.9;99.4;105.2;82.6;78.7;13.4;79.4;103.5;101.8;95.4;96.4;97.7;93.3;114.2;132.6;125.9;134;137.5,,,,,,,,,,,
E06000040;Windsor and Maidenhead;78.3;85.2;98.9;79.8;71.5;82.8;87.3;79.9;86.4;86.2;84.8;81.7;12.7;76.8;107.4;85.5;98;116.1;97.7;92.5;56.6;82;94.3;72.4;96.7,,,,,,,,,,,
E06000041;Wokingham;63.2;76.6;82.2;75.2;66.4;77.5;82.1;73.2;83.6;81.3;85.7;81.9;11.9;93.8;114;58.6;102.1;101.9;92.7;90;47.8;60.3;81.1;56;75.9,,,,,,,,,,,
E06000042;Milton Keynes;101.1;109.1;107.7;83.9;95.6;91.7;105.3;100.7;107.2;102;83.2;79.4;13.9;73.5;112.2;107.6;104.8;113.8;104.7;107.9;114.5;123;89.9;127;104.1,,,,,,,,,,,
E06000043;Brighton and Hove;113.7;92.5;105;86.3;96.9;98.4;107.3;107.7;109.1;102.2;83.1;79.2;16.3;149.5;93.4;105.3;98.1;102.5;107.4;102.8;68.9;72.7;90.7;72.4;77.1,,,,,,,,,,,
E06000044;Portsmouth;129.1;109.2;110.4;105.8;122.6;115.8;118.9;121.2;111.8;111.5;82.1;78.2;16;163.2;85.7;115.9;103.5;101.2;106.3;92.9;120.7;104;109;82.2;89.5,,,,,,,,,,,
E06000045;Southampton;126.3;113.6;89.1;110;114.8;104.3;115.2;116.2;111.4;107.2;82.4;78.5;16.2;178.9;108.3;132.8;100;98.7;108.6;108.5;156.9;123.2;121.2;99;117.8,,,,,,,,,,,
E06000046;Isle of Wight;93.5;72.5;87.4;103.3;103.2;139.9;97.3;95.2;95.4;96.9;83.7;79.8;22.6;110.1;139;84.5;99.5;99.2;102.9;93.8;56.8;97;93.5;86;72.6,,,,,,,,,,,
E06000047;County Durham;125.8;123.8;119.1;114.5;110.3;112.3;112.6;115;113.5;114.5;81.6;78.2;23.6;101.6;76.2;135.5;107.5;95.8;102.8;110.3;147.8;166.9;115.7;134.7;110.8,,,,,,,,,,,
E06000049;Cheshire East;87.8;97.5;94.8;91.8;89.9;93.6;89.4;89.2;91;95.1;83.9;80.3;17.5;111.8;90.2;84.8;101;98.5;95.2;102.3;70.6;96.2;100;93.8;99.9,,,,,,,,,,,
E06000050;Cheshire West and Chester;101.8;104;94.7;93.3;97.7;97.8;102.5;99.1;101.5;100.2;83.1;79.9;18.5;112.2;96.1;106.2;108.1;111.6;104.1;98.3;82.4;96.8;88.2;108.6;105.7,,,,,,,,,,,
E06000051;Shropshire;85.7;88.4;111.1;92.6;86.3;95.6;93;89.7;94.2;96.7;83.6;80.5;18.6;82.5;92.1;69;107.1;98;93.1;98.9;69;95.1;99.8;102.3;86.1,,,,,,,,,,,
E06000052;Cornwall;92.6;98.5;129.4;109.6;95.1;110.5;96.2;94.2;98.9;98.7;83.5;79.7;21.4;125.4;96.9;87.9;104.2;100.5;100.4;102;63.9;101.9;100.7;106.9;85.1,,,,,,,,,,,
E06000053;Isles of Scilly;53.6;71.6;43.7;89.4;55.1;75.1;83.6;58.6;72.8;68.1;89.8;82.8;14;116;115.1;63.4;142;143.2;104.4;134.4;76.3;81.1;97.8;68.3;71.2,,,,,,,,,,,
E06000054;Wiltshire;77.3;81.8;100.8;88.6;77.3;93.3;89.4;82.5;92.2;91.3;84.4;81;16;129.7;100.1;74.1;100.2;103.6;95.9;95.9;55.7;81.6;88.2;86.7;85.3,,,,,,,,,,,
E06000055;Bedford;94.4;92.1;94.3;88.5;98.2;91.9;98.3;99.2;95.9;97.4;83.4;79.7;16;105.1;128.5;79;103.3;97.8;99.1;94.9;101.4;78.5;94;86;103.9,,,,,,,,,,,
E06000056;Central Bedfordshire;80.5;95.7;90.2;84;80.4;83.8;92.4;85.1;94.5;90.1;84.4;81.1;14.4;84;114.5;82.4;97.8;101.1;97.1;94.9;88.4;87.2;83.4;86.7;96.9,,,,,,,,,,,
E06000057;Northumberland;103;97.9;113.3;98.3;100.6;98.7;97.1;99.9;100.4;103.4;82.8;79.4;20.7;165.3;84.1;106.2;101.1;104.4;101.8;102.8;103.7;115.2;123.5;115.9;112.9,,,,,,,,,,,
E06000058;Bournemouth, Christchurch and Poole;94.7;84.9;97.7;92.1;82.8;93.5;96.4;93.8;97.5;96.9;83.5;80.3;19;171.8;105.6;88.5;102.7;114.6;104;114.4;102.4;108;112.3;122.4;112.8,,,,,,,,,,
E06000059;Dorset;78.6;79.5;100.7;87;76.1;91.1;87.3;80.4;91.1;88.6;84.7;81.1;19.8;135.3;120.9;74.6;97.6;106.9;99.8;98.3;59.1;95.3;97.5;93.9;89.3,,,,,,,,,,,
E06000060;Buckinghamshire;69.7;81.3;80.6;80;69.9;83.8;86.2;76.9;88.8;84.4;85.1;81.8;13.4;71.6;91.5;74.7;101.7;109.7;94.3;94;55.4;83.2;78.9;72;90,,,,,,,,,,,
E06000061;North Northamptonshire;104.7;119.1;102.1;90.6;104;95.7;105.1;102.9;103;105.2;82.5;79.3;17.2;137.9;110;108;104;100.9;103;106.7;162.6;92.7;103.1;96;107,,,,,,,,,,,
E06000062;West Northamptonshire;94.3;101.4;89.1;91.6;97.4;97.4;99.5;98.9;100.7;99.1;83.2;79.9;15.3;166.1;103.8;86.5;104.6;104.9;97.3;100.9;107.8;92.5;90.6;98.5;111.1,,,,,,,,,,,
E07000008;Cambridge;85.8;71.5;101.4;91;90.6;96.8;80.9;87.6;87.9;92;84.1;80.7;13;168.8;89.2;86.9;117.1;112.4;98.6;97;103.6;87.1;86.2;84;82.3,,,,,,,,,,,
E07000009;East Cambridgeshire;76.6;70.5;90.6;95;90.2;92.4;84.9;81.7;90.9;86.7;85;81.4;15.4;132.8;94;73.7;116.1;102.2;96.6;95.6;72.3;106.4;91.6;96.9;78.1,,,,,,,,,,,
E07000010;Fenland;110;109.5;99.1;103.8;114.6;104.5;107.9;116.1;106.1;105.2;82.3;78.5;21;134.1;110.3;102.9;105.7;98.8;103.5;107;135.5;106;100.7;123.2;111.1,,,,,,,,,,,
E07000011;Huntingdonshire;74.6;99.3;92.9;78.2;74.8;88;87.5;80.4;92.8;90.2;84.5;81.3;14.9;102.8;93;81.6;97;100.5;95.2;98.9;83;85.5;93.7;99.9;93.4,,,,,,,,,,,
E07000012;South Cambridgeshire;63.8;68;86.7;83.6;62.3;83;80.9;70;89.1;79.8;85.6;82.7;13.9;116.6;98.6;71.7;107.6;114.5;98.8;88.2;61.9;85.3;75.5;82.2;77.4,,,,,,,,,,,
E07000026;Allerdale;104.6;91.7;119.5;107.8;110.7;108.1;96.6;104.3;96.1;103.1;82.3;79.4;20.8;104.4;83.4;105.8;103.7;97.8;95.5;108.9;95.8;113.7;112.5;126.3;88.6,,,,,,,,,,,
E07000027;Barrow-in-Furness;140.3;124.4;119.4;114.3;122.8;118;112.2;126.2;110.2;117.3;81.1;77.4;24.6;201.1;87.7;109.3;99.9;98.8;102.7;107.7;118;138.3;118.2;123.8;121.7,,,,,,,,,,,
E07000028;Carlisle;112.7;100.3;119.8;126.2;115.9;114.9;110;108.8;107.3;105.5;82.8;78.5;19.2;121.7;79.5;107.6;104.6;96.8;99;111.4;110.4;122.1;121.9;155.5;101.3,,,,,,,,,,,
E07000029;Copeland;128;99.6;100;130.4;119.3;114.4;107.3;113.1;110.4;110;81.6;78.4;21.3;121.5;86.9;110.8;110.6;94.1;102.4;102.6;126.7;136.3;121.7;145.7;106.1,,,,,,,,,,,
E07000030;Eden;79;75;90.6;100.6;85.1;94.8;78;75.2;83.8;83;85.1;81.8;18;53.9;86.8;72.4;91.5;95.9;88.5;89.2;60.4;93.3;94.3;101.2;72.6,,,,,,,,,,,
E07000031;South Lakeland;72.5;69.5;119;87.5;70.7;93.5;77.7;73.9;83.9;86.6;85;81.7;18.8;81.2;86.5;65.2;96.7;98.2;90.2;95;50.6;108.7;94.9;90.3;77.1,,,,,,,,,,,
E07000032;Amber Valley;92.1;101.2;95.7;102.4;97.6;102.2;94.3;96;101.2;101.8;82.9;79.8;20.3;107;96.2;91.2;94;102.8;98.2;94.8;84.1;98.3;100.2;107.5;88.1,,,,,,,,,,,
E07000033;Bolsover;117.6;134.5;113.4;112.9;105.3;114.8;121.2;113.1;119;120.2;81.7;78;24.7;141.1;104.4;126.7;100.8;95;106.4;108.9;117.7;116.5;106.3;127.9;110.7,,,,,,,,,,,
E07000034;Chesterfield;122;128.3;104;112.1;120.3;112.5;115.7;119.3;110;113.8;82.1;78;23.1;238.8;97.8;106;95.5;98.1;101.9;113.1;125.3;112.9;92.9;132.8;125.4,,,,,,,,,,,
E07000035;Derbyshire Dales;72.8;83.2;91.5;88.9;70.5;93.4;87.6;76.4;92.5;91.1;84.5;80.8;18.5;102.4;118;74;99.7;112.5;100.5;93.5;44.8;86.7;86.6;89.6;84.9,,,,,,,,,,,
E07000036;Erewash;102.8;93.8;116.9;99.4;102.6;102;99.8;100.4;99.9;100.7;83.3;79.5;19.3;112.8;90.1;99;95.4;102.3;100.7;90.5;90.7;93.5;97.7;95;88.2,,,,,,,,,,,
E07000037;High Peak;96.3;106.1;97.3;98.7;83.3;94.9;97.8;94.6;101.3;101.9;83.1;79.8;18.1;101.6;86.9;101.7;100.8;91.6;96.6;106.8;92.6;110;101.9;113.5;94.4,,,,,,,,,,,
E07000038;North East Derbyshire;88;115.9;101.9;104.5;84.7;101;99.1;94;101.4;106.9;82.8;79.7;22;125.1;100.7;88.9;92.5;99.8;98.3;105.6;95;120.7;97.8;134;108.4,,,,,,,,,,,
E07000039;South Derbyshire;95;112.1;98.1;96.7;86;101.1;100.5;95.9;101.1;104.2;82.8;79.5;17.5;95.9;87.2;81.1;94.7;91.1;94.5;97.7;111.9;98.8;100.3;106.8;99.7,,,,,,,,,,,
E07000040;East Devon;74.6;73.5;102.4;82.7;68.1;87.5;87.9;77.6;94.1;87.8;85;81.3;21;102.7;128.3;69.7;102.9;106.7;102.3;93.1;41.2;80;86.3;69.8;74.9,,,,,,,,,,,
E07000041;Exeter;108.1;94.2;100;89.8;93;90.2;102.5;105.6;99.5;98.8;83.9;78.6;16.7;117.6;124.1;92.1;103.7;103.8;107.4;100.1;98.3;88.5;96.9;77.3;88.1,,,,,,,,,,,
E07000042;Mid Devon;79.8;78.6;110;94.1;77.2;95.2;84.9;81.6;94.4;89.2;84.6;80.8;17.4;93.4;117.7;73.9;107.9;91.1;101.4;91.6;56.8;88.1;88.6;77.3;80.9,,,,,,,,,,,
E07000043;North Devon;95.9;85.8;148.8;98.3;101.5;110;96;97.6;97.2;98.6;83.2;80.1;19.6;169.1;119;87;115.1;101;102;93.1;74.4;105.6;114.1;112.9;96.2,,,,,,,,,,,
E07000044;South Hams;66.5;76.1;94.3;84;66.1;88.4;79.8;73.3;90.7;86.6;85;81.8;19.2;91.3;99.5;73.2;90.1;99.1;96.4;88;48.5;72.7;89.8;72.3;78.5,,,,,,,,,,,
E07000045;Teignbridge;82.2;90.6;111.5;86.4;80.8;93.1;87.2;82.4;91;92;84.8;80.6;20.6;117.1;107.3;86.8;101.1;104.7;102.1;97;79.7;93.3;99.3;84.6;96.5,,,,,,,,,,,
E07000046;Torridge;85.9;87;155.4;110.9;98.5;117.2;98.7;94;99.9;101;82.8;79.7;21.1;155;124.1;80.5;115.4;102.2;101.4;99;55.6;111.7;117.9;116.2;91.2,,,,,,,,,,,
E07000047;West Devon;78.4;78.2;102;94.1;90.9;93.4;84.7;85.8;93.1;92.4;83.7;80.5;20;91.9;101.3;82.5;98.2;114.7;102;95.2;54.5;93.3;86.7;87.7;81.8,,,,,,,,,,,
E07000061;Eastbourne;110.3;87.1;93.1;82;85;97.8;105.7;105;98.1;94.6;83.4;79.4;21;94.9;101.7;86.6;97.1;92.6;95.3;80.1;54.9;61;73.5;56.9;91.2,,,,,,,,,,,
E07000062;Hastings;135.7;109.3;98.3;110.7;139.4;147.5;118.7;130.7;108.5;110.9;81.9;77.2;22.1;153.7;100.3;109.4;93.3;100.1;98.1;88.9;98.5;79.1;79;87.2;113.1,,,,,,,,,,,
E07000063;Lewes;77;72.8;92.6;71.7;74.5;89.9;86.3;81.3;90.5;84.1;85;81.1;19.5;139.5;100.1;74;104.6;98.3;96.8;90.4;53.5;66.9;79.4;69;79.2,,,,,,,,,,,
E07000064;Rother;78.5;86.9;85.3;87.1;70.3;116.7;86.3;81.9;93.4;90.6;83.9;80.5;23.4;106.9;119.8;84.3;104.4;103.2;98.7;82.1;48.4;61.5;70.8;68.5;88.1,,,,,,,,,,,
E07000065;Wealden;71.1;81.1;96.1;76.9;67.5;95.4;81;76.4;91.1;88.8;84.8;81.5;17.5;73.5;115.4;72.7;95.3;99.8;96;90.3;41.9;55.8;75.5;52.9;78,,,,,,,,,,,
E07000066;Basildon;99.5;108.1;99.2;102.8;100.4;101.4;115.8;101.9;110.2;101.7;82.9;79.5;17.4;88.2;95;109.1;107.3;105.9;106.5;106.1;119.9;98.1;105.4;99.1;107.2,,,,,,,,,,,
E07000067;Braintree;85.4;98.2;98.8;88.9;86.2;96.8;95.7;91.4;98.8;103.4;82.8;80.3;16.4;78;109.6;82.4;89.3;105.8;96.1;115.2;73.8;86.9;86.6;88.6;86.3,,,,,,,,,,,
E07000068;Brentwood;73.7;87;88.2;88.7;74.6;91.2;88;81.6;92;91.7;84.6;81.2;15.6;48.1;103.7;71.8;96.9;100.1;97.1;101.2;59.5;76.4;81.6;78;78.8,,,,,,,,,,,
E07000069;Castle Point;90.4;111.4;94.6;91;90.7;97.4;104.4;94.9;108.8;103.9;83.2;79.9;19;61.8;96;97.2;97.3;110.9;99.9;106.1;110.7;86.8;109.9;90.5;98.3,,,,,,,,,,,
E07000070;Chelmsford;75.3;82.5;92.3;81.7;71.3;87.8;88.5;81;90.6;90.7;84.3;81.4;14.4;78.7;106.9;71;97.5;98;94.2;101.5;63.3;70.1;90.9;82.2;85.3,,,,,,,,,,,
E07000071;Colchester;89.2;97.6;88.3;87.2;76.6;96.1;93.2;90.4;99.9;100.3;83.3;80.3;15.8;124.3;121.7;90.5;99.6;104.7;101.1;108;78.7;82.2;82;94.4;95.7,,,,,,,,,,,
E07000072;Epping Forest;79.3;98.6;87.5;87.2;77.9;88.5;94.1;86.3;94;96;84;80.9;15.7;41.7;130.4;103.3;97.5;100.8;103.4;102.5;75.5;91.6;87;87.8;88.7,,,,,,,,,,,
E07000073;Harlow;108.1;113.5;88.6;111.1;127;100.1;98;108.1;104.3;104.9;83.1;78.5;17.1;76.1;104.8;122.3;102.5;108.2;108.6;99.5;117.4;128.5;94.3;129.3;113.8,,,,,,,,,,,
E07000074;Maldon;87.8;86.7;93.4;93.6;87.4;94.7;95.1;88.8;95;95.6;83.5;80.4;17.4;54.1;98.4;80.2;88.3;102.8;92.8;102.4;53.4;82.2;82.2;82.3;77,,,,,,,,,,,
E07000075;Rochford;67.1;94.7;73.7;77.7;71.6;82;89.9;79.6;94.3;89.8;84.7;81.3;17;51.3;105.8;79.5;97;97.3;93.4;103.2;86.3;78.7;109.9;86.1;89.3,,,,,,,,,,,
E07000076;Tendring;117.3;115.7;87.9;105.3;108.4;104.5;107.3;116.5;108.4;108.8;81.6;78;25.5;151.3;112.1;107.3;105.7;96.3;104.8;108.4;107.7;94.8;100.5;109.2;99.6,,,,,,,,,,,
E07000077;Uttlesford;68.6;73.9;76.7;82;70.2;79.5;82.3;72.4;88.6;83.8;85.2;82.4;13.6;68.9;110.1;71.7;89.2;98.9;93.5;100.2;52.1;73.5;76.4;70.4;73.6,,,,,,,,,,,
E07000078;Cheltenham;96.9;89.1;110.9;101.3;91.3;96.1;96.5;94.3;94.8;98.4;83.4;80.4;15.1;121.2;93.1;76.7;107.9;112.9;96;105;83.1;98.6;91.1;100.2;85.7,,,,,,,,,,,
E07000079;Cotswold;64.9;82.5;96.8;84.7;69.3;86;77;71.4;83.8;85;84.9;82.2;16.1;94.3;101;56.2;105.6;105.7;90.5;87.1;47.5;75.4;86.7;80.1;75.2,,,,,,,,,,,
E07000080;Forest of Dean;82.9;95.6;109.4;111.2;84.8;102.5;90;85.4;95.6;97.2;83.6;80.7;19.6;79;87;70.2;108.3;103.2;90.7;94.3;60.5;88;85.6;86.1;72.1,,,,,,,,,,,
E07000081;Gloucester;122.9;109.8;105.8;129.7;119.2;108.5;102.6;115;100.6;106.6;82.7;78;16.8;157.7;83.9;103;90.3;105.6;96.5;101.8;102.1;110.7;104.5;110.3;99.5,,,,,,,,,,,
E07000082;Stroud;80.7;95;104.4;100.9;71.9;95.2;87.6;83.1;93.1;102.1;83.8;80.3;16.7;106.6;89.3;64.7;108;94.3;90.4;103;51.7;85.5;84.6;83.1;69.3,,,,,,,,,,,
E07000083;Tewkesbury;78;84.1;109.7;101.7;79.9;92.3;91.3;83.1;93.2;88.5;85.1;81.1;16.5;88.7;91.8;76.5;97.7;104;92.9;90.3;58;93.1;82.7;97.7;79.5,,,,,,,,,,,
E07000084;Basingstoke and Deane;81;91.1;92.8;91.9;83.1;92.5;90.5;86.1;93.4;96.1;83.9;80.3;13.5;120.4;101.8;78.3;104.7;100.9;97.5;96.4;85.3;90.2;92.4;78.4;95.3,,,,,,,,,,,
E07000085;East Hampshire;71.1;72.5;92.8;70.2;66.2;81.5;87.5;77.1;88.9;86.7;84.8;81.6;14.9;99.9;103.8;71.2;101.2;106.4;96.6;86.2;52.9;76.3;87;68;79.9,,,,,,,,,,,
E07000086;Eastleigh;74.6;79.1;81.3;85.4;75.9;89;87.5;79.2;89.8;85.7;84.8;81.8;15.3;109.3;106.8;82.4;98;100.8;95.7;91.5;72.4;99.3;106.9;79;90,,,,,,,,,,,
E07000087;Fareham;70.8;71.7;89.3;78.3;67.6;88;85.1;76.4;93.4;89;84.6;81.7;16.5;111.3;95.5;76.1;97.9;113.6;98.7;86.3;51.3;96.7;98.8;71.4;72.5,,,,,,,,,,,
E07000088;Gosport;109.9;91.5;107;94.2;112.1;104.4;107.8;104.5;110.6;102.4;83.1;79.2;17.5;157.6;84;102.3;102.5;103.9;104;77.2;90;101.8;104;81.2;84.8,,,,,,,,,,,
E07000089;Hart;59;74.2;70.1;56.1;57.1;67.9;80.2;67.6;85;78.5;85.6;83;12;92.1;101.3;70.1;108.4;118.4;96.3;90.4;60.8;67.4;74.4;64.1;81.5,,,,,,,,,,,
E07000090;Havant;94.6;81.4;93.5;86.3;90;93.6;103.6;95.2;102.9;92.6;83.6;80.4;19.3;163.9;90.7;95.6;100.4;102.8;101.5;82.6;84.1;97.1;109.8;75.1;87.3,,,,,,,,,,,
E07000091;New Forest;70.9;69.6;96.5;82.8;61.7;84.6;81.9;71.8;86.4;82.4;85.5;82;19.3;135.4;113.6;77.3;99.4;107.3;100.1;94.6;57.3;89.1;99.3;82;89.7,,,,,,,,,,,
E07000092;Rushmoor;99.2;94.2;109.3;84.9;93.1;93.6;99;94.5;97.7;99.1;83.1;80.5;13.3;136.2;88.5;110;118.6;102.8;105.4;93.6;111.8;88.3;89.7;87.3;104.2,,,,,,,,,,,
E07000093;Test Valley;75.1;78.4;93.1;81;76.9;89;89.4;80.2;90;87.9;84.8;81.2;15.2;111.4;100.2;68.9;99.2;117.2;99.4;95.2;69.4;83.5;94.8;73.6;85.6,,,,,,,,,,,
E07000094;Winchester;66.7;72.9;86;81.8;65.8;84.5;82;73.6;82.7;83.6;85.3;81.9;14.5;98.3;103.8;64.9;101.3;107.6;92.5;88.7;55.6;74.5;89.5;64.1;77.5,,,,,,,,,,,
E07000095;Broxbourne;83.5;94.5;83.2;99.7;98;92.8;84.8;86.8;92.5;88.6;84.9;80.6;15.3;49.9;128.2;101.6;99.4;101.4;104.4;98.4;80.8;104.2;94.5;97.3;87.2,,,,,,,,,,,
E07000096;Dacorum;81.5;90.6;83.7;82;77.3;86.5;92;82.1;93.1;90.5;84.2;81.5;14.7;60.8;104.2;81.4;95.5;104.7;95.3;95.7;70;88.1;84.7;88.6;86.1,,,,,,,,,,,
E07000098;Hertsmere;84.5;98.8;86.9;80.7;84.7;90.3;92.6;89.2;95.8;92.8;84.2;80.8;14.9;66.1;93.4;93.5;105;89.9;95.7;97;69.5;81.6;98.4;76.4;92.9,,,,,,,,,,,
E07000099;North Hertfordshire;75.6;95.2;94;88.6;77;91.1;89.4;81.2;91;96.9;83.8;81.1;15.1;67.2;112.6;82.1;98.6;101.3;96.2;101.3;85.7;79.4;95.1;72.9;91.1,,,,,,,,,,,
E07000102;Three Rivers;77.7;90.1;95.9;83.9;77.8;91.1;90.6;80.9;93.3;91;84.2;81.5;14.5;57.3;102;86.3;78.4;109.9;94.4;96.5;75.1;83.5;93.8;90.4;99,,,,,,,,,,,
E07000103;Watford;94.4;125.7;107.2;98.2;101.7;105.9;93.2;97.1;94.8;107.7;82.8;79.4;13.6;59.9;96.9;105.1;108.1;93.7;96.2;98.5;106.7;101.5;96.6;108.8;111.4,,,,,,,,,,,
E07000105;Ashford;84.6;103;98.3;78.6;83.2;92.2;97.3;88.3;100.6;94.3;84.2;80.5;16.2;89.7;122.7;85.7;99.7;108;102.2;95.2;78.3;91.9;90.7;75.5;96.6,,,,,,,,,,,
E07000106;Canterbury;96.2;102.3;124.9;91.4;84.7;100.9;100.8;96.7;100.3;99.1;83.4;79.4;18.1;98.2;121;89.4;100.1;100.5;100.7;99.5;92.2;89.4;87.6;78.9;90.9,,,,,,,,,,,
E07000107;Dartford;96.7;106.5;119;89.4;105.5;97.8;106.2;101.4;110.3;109.9;82.4;79.3;15.1;95.3;131.5;101.7;107.4;112.3;107.7;107.3;94.7;81.4;102.8;74.4;106.8,,,,,,,,,,,
E07000108;Dover;103.3;113.5;102.2;93.6;91.8;101.1;103.4;102.9;103.9;102.7;82.7;79.5;20.8;99.7;127.5;102.5;103.6;98;104.9;97;88.4;98.3;86.7;81.9;93.5,,,,,,,,,,,
E07000109;Gravesham;93.8;99.7;101.1;93.5;94.2;96;103.8;97.6;103.2;98.5;83.7;79.7;17;94.5;100.5;102.6;98.6;96.1;100.2;107.9;85.8;97.2;93.3;90;99,,,,,,,,,,,
E07000110;Maidstone;81.6;92.8;96.4;82.6;77;89.7;91.1;86.8;98.1;97.9;83.7;80.5;15.8;141.7;109;81.8;97.6;90.3;94.9;101.6;86.8;73.1;91.8;75.1;97.9,,,,,,,,,,,
E07000111;Sevenoaks;69.5;83.9;102.9;69.3;72.4;85.3;87.4;77.7;91.7;86.6;84.7;82.3;14.9;83.5;106;75.6;87.4;109.7;96.8;94.3;60.7;64.2;85.1;60.3;82.3,,,,,,,,,,,
E07000112;Folkestone and Hythe;109.3;105.1;92.2;87.7;90.5;94.8;111.6;105.2;107.3;100.3;82.9;79.3;21;97;128.4;107.6;100.3;104.9;105.1;94.2;92.1;98.3;90;76.5;97.4,,,,,,,,,,,
E07000113;Swale;107.7;117.6;84.8;92.9;97.4;96.2;103.7;108;105.3;104.4;82.6;79;18.6;86.6;114.3;107.8;94.9;103.5;103.8;102.8;110.3;97.7;81.5;97.4;94.7,,,,,,,,,,,
E07000114;Thanet;121.5;121.4;100.3;109.5;109.5;108.1;114.8;116.7;115.3;110;82.3;77.9;23.4;117.9;117.7;113.4;110.9;94.9;106.8;106.5;110.1;109.3;100.5;87;104.6,,,,,,,,,,,
E07000115;Tonbridge and Malling;75.1;89.8;81.3;84.6;81.8;88.1;92.4;84.4;96.2;90.8;84.5;80.7;14.9;97.3;105;74.6;97.8;116.3;98.3;102;76.1;69.1;80.6;65.4;91.5,,,,,,,,,,,
E07000116;Tunbridge Wells;78.5;93.3;104.5;68.2;77.3;86.2;89.3;84.5;87.6;89.4;84.4;81.4;14.2;105.8;113.6;67.9;95.3;103;94.1;97.9;59.3;61.3;82.9;54.4;83.4,,,,,,,,,,,
E07000117;Burnley;156.9;145.7;99.5;126.3;142.7;109.2;128.3;140.4;120.3;121;80.8;76.2;22.5;132.7;91.8;139.7;108;93.6;106.4;95.2;213.5;126.1;112.2;145.2;120.8,,,,,,,,,,,
E07000118;Chorley;106.5;120.5;107;117.5;100.9;109.2;97.7;103.6;99.5;108.8;82.3;79;18.4;107.8;88.7;102;101.3;109.3;100.5;95.1;98.8;120.1;97.9;127.3;101.5,,,,,,,,,,,
E07000119;Fylde;94.4;103.9;115.6;101.7;95.1;102.1;93.8;98.4;95.7;103.4;82.9;79.4;21.9;103.9;91.7;98;98.7;97.9;98.2;98.6;72.1;105.7;99.5;95;87.7,,,,,,,,,,,
E07000120;Hyndburn;139.4;155.3;105.9;153.9;143.4;121.8;119.5;130.3;112.6;123.2;81;76.9;21.7;138.8;85.9;126.8;90.3;89.8;99.8;102.4;199.2;115.2;112.7;140.6;126.2,,,,,,,,,,,
E07000121;Lancaster;123.1;112.3;111.2;110.3;109.3;104.1;103.4;111.1;101.9;108.2;82.3;78.6;19.5;102.6;83.1;110;98.8;98.4;103.1;102.9;104.2;155.4;102.9;129.8;103.3,,,,,,,,,,,
E07000122;Pendle;125.2;126.8;103;140;134.6;117.4;107.3;118.3;106.3;111.6;81.6;78.2;20.9;94.1;78.6;121.2;78.6;91.2;96.6;87;153.4;140.5;103.9;150.4;111.9,,,,,,,,,,,
E07000123;Preston;138.8;154.1;117.9;124.7;133.5;119.6;112.9;130.2;108.8;118.8;81;77.7;18.2;105.9;94.5;123.2;105.2;95.5;106.3;108;137.6;124.8;112.4;149.7;123.9,,,,,,,,,,,
E07000124;Ribble Valley;84.6;85.8;99.6;105.5;97.1;94.9;84.1;85.4;87.4;89.7;84;81.4;16.7;69.1;95.7;80.2;92.4;98.3;93.4;93.9;84.2;88.1;86.4;95.8;86.1,,,,,,,,,,,
E07000125;Rossendale;116.6;134.5;114.9;138.5;124.9;116.3;100.9;112.9;100;112.4;81.8;78.5;19.9;107;90.2;109;98.7;92.7;99;103.9;137.6;104.4;107.3;112.8;106,,,,,,,,,,,
E07000126;South Ribble;98.2;106.3;91.1;98.4;97.2;97.1;90.8;94.3;95.1;95.7;83.6;80.1;18;90.9;92.7;101.8;101.6;83.1;98;92.6;93.1;105.4;96.4;115.7;103.9,,,,,,,,,,,
E07000127;West Lancashire;101.7;105.1;111.1;107.6;104.4;106.4;96.3;100.7;98.3;105.9;82.4;79.5;20;112.3;84.2;95.4;102.1;100.6;98;104.7;106;84.3;88.1;104;104.2,,,,,,,,,,,
E07000128;Wyre;108.8;111.6;97.2;109.3;116;103.2;107.5;113.1;100.8;104.8;82.4;78.4;23.8;119.4;85.7;100.4;99.8;100.5;100.4;97.3;95.8;118.1;90;105.7;95.2,,,,,,,,,,,
E07000129;Blaby;74.3;85.2;74.6;87.5;70.8;84.8;90;78.7;98.6;88.6;84.9;81.3;15.8;69;86.4;85.1;98.3;104.7;97.1;114.1;82;91;92.3;85.6;91.6,,,,,,,,,,,
E07000130;Charnwood;83.8;87.9;89.8;89.6;92.5;94.2;94.4;89.4;95.2;93.8;83.8;80.6;15.6;66;86.9;85;94.6;93.2;91.4;128.7;92.1;93.1;106.7;87.2;87,,,,,,,,,,,
E07000131;Harborough;74.7;72.1;79.2;77.8;74.3;82.4;81.4;75.1;88.7;86.4;85;81.6;14.6;72.2;92.9;73.8;99.2;111.3;96.7;112.9;68.9;83.8;96.7;72.5;81.6,,,,,,,,,,,
E07000132;Hinckley and Bosworth;84.2;90.9;85.2;88.5;91;94.9;94.5;88.6;94.6;94.7;83.8;80.6;17;68.8;82.1;80.9;96.2;104.9;95.3;116.2;77.2;81.9;100.5;75.7;89.8,,,,,,,,,,,
E07000133;Melton;78.8;90.5;83.8;88.4;83.8;90.9;81.1;83.3;91;90.4;84;81;15.6;61;82.2;82.6;102.6;99.9;95.9;122.5;84.9;89.1;101.2;81.4;84.7,,,,,,,,,,,
E07000134;North West Leicestershire;92;96.7;87.4;99.3;92.3;99.9;91;92.5;96;99.1;83.3;80.1;18.1;77.8;81.6;89.5;97.8;98.8;94.7;117.4;97.8;97.7;98.5;89.7;92.7,,,,,,,,,,,
E07000135;Oadby and Wigston;89.1;82.1;82.6;90.8;92;88.9;95.5;91.9;90.4;92;84.3;79.9;17.3;67.2;94.6;87.4;88.8;85.9;93.2;115.6;110.3;105.1;103.8;90.3;103.7,,,,,,,,,,,
E07000136;Boston;116;101.5;96.8;128.2;129.9;120.7;108.5;113.4;107;111.5;82.4;78.3;20.2;68.2;101.6;108.4;85.9;96.3;98.5;114.1;91.5;90.5;105.4;85;96.2,,,,,,,,,,,
E07000137;East Lindsey;118.1;107.4;106.8;117.8;128.2;114;108.7;115.1;108.4;109.8;82.1;78.1;26;96.1;93;103.2;106.4;102.4;102;107.3;104.2;99.6;115.3;93.5;91.9,,,,,,,,,,,
E07000138;Lincoln;136.5;109.6;123.9;129.7;143.2;126.9;126;134.6;115.8;119.3;80.9;76.9;18.5;99.6;91;112.4;104.7;94.7;102.5;119;115.7;81.4;101.8;68;95.4,,,,,,,,,,,
E07000139;North Kesteven;81;86.6;86.7;100.3;83.9;98.6;89.6;86.7;95.9;97.5;83.8;80.8;19.1;63.3;94.9;73.5;93.1;99.5;94.3;91.5;76.4;80.6;89.7;70.1;82,,,,,,,,,,,
E07000140;South Holland;97.8;97.4;81.8;101.2;116.7;101.7;98.3;100;99.9;100.1;83.2;79.7;20.6;67.8;97.6;88;93.5;89.2;95.6;98.2;82.3;91.6;98.8;87.2;87.7,,,,,,,,,,,
E07000141;South Kesteven;79.2;91.6;96.2;98.4;81.7;99.4;89.9;84.9;95.1;95.6;83.9;80.7;17.3;85.1;113.8;83.6;100;106.7;100.6;95.7;78.4;75.1;84.2;78.7;81.5,,,,,,,,,,,
E07000142;West Lindsey;85.7;81.6;117.1;98.6;98.4;107.2;95.5;93.5;98.4;99.7;83.6;79.9;19.9;70.9;93.8;87.9;98.8;102.6;96.1;94.1;78.4;88.4;95.8;84.5;84.3,,,,,,,,,,,
E07000143;Breckland;86.6;87.7;98.9;95;82.6;96.5;95.9;89;97.9;99.2;83.8;79.9;19.7;75.6;105.4;86.9;103.4;103.1;100.7;102.5;81.7;108.4;103;92.6;87.4,,,,,,,,,,,
E07000144;Broadland;67.1;77.4;106.7;92.1;75.3;94.7;80.8;76.8;85.3;92.3;84.8;81.3;18.7;79;106.4;68.5;99.3;101.9;93.3;100.4;40.7;95.1;109.2;71.4;75.3,,,,,,,,,,,
E07000145;Great Yarmouth;123.8;101.9;102;107.8;118.2;106.4;114.5;116;107.4;104.4;82.8;78.5;22.5;101.8;103.7;121.5;101.3;99.5;104.8;105.7;111.3;123.9;102.7;110.5;95.1,,,,,,,,,,,
E07000146;King's Lynn and West Norfolk;97.5;102.2;94;97.7;96.9;98.5;98.3;96.3;100.7;98.3;82.9;79.9;21.3;136;123.2;81.7;98.1;98.8;102.7;98.8;119;120.8;106.9;136.3;120.3,,,,,,,,,,,
E07000147;North Norfolk;78.8;81.8;98.8;91.2;79.6;92.3;92.9;85.6;90.9;87.4;85;80.7;23.3;86.1;104.5;76.9;100.3;97.9;96.6;95.3;57;99.2;112.9;79.7;76.6,,,,,,,,,,,
E07000148;Norwich;134.6;102.4;93.6;114.1;121.3;106;108.6;120.6;100.7;100.8;83;78.4;18.4;123.9;95.2;116.7;100.1;95.7;100.5;96.5;102.2;116.7;124.7;91;94,,,,,,,,,,,
E07000149;South Norfolk;67.4;74.1;106.3;80.5;70.3;91.3;82.2;75;89.1;87.9;84.9;81.4;17.9;63;108.4;76;90.6;105.6;95.9;93.9;45.1;95.2;107.2;73;75.3,,,,,,,,,,,
E07000163;Craven;76.4;75.2;98.9;89.4;71.6;90.7;83.6;76.9;86.7;87.5;85.1;81.4;17.9;106.2;116.9;79.8;99.9;89.6;96.4;82.7;56.8;107.2;78.6;103.4;89.1,,,,,,,,,,,
E07000164;Hambleton;70.5;81.8;85.8;93.8;72.5;87;84.4;76.6;92.6;86.9;85;81.8;16.9;94.7;103.5;72.3;100.6;100.9;95.9;88.6;62.8;83.7;94.9;81.1;89.9,,,,,,,,,,,
E07000165;Harrogate;83.2;79.8;108.4;85;81.2;91.8;90;84;85.8;88.1;84.8;80.9;15.6;101;99.4;84.6;97.5;98.7;95.2;90.2;59.5;103.4;104.5;101.3;94.4,,,,,,,,,,,
E07000166;Richmondshire;76;87.6;109;96.5;86.4;97.3;88.5;82.5;94;95.2;83.8;81.5;15.2;63.8;85.8;81.8;85.7;99.3;91;93.2;61.3;101.2;97;80.3;81.7,,,,,,,,,,,
E07000167;Ryedale;79.8;85.2;114.8;111.6;70.7;106.1;94.3;81.3;89.7;87.5;85.3;80.8;17.8;73.8;89.6;74.5;98.5;100.6;92.9;96.5;50.7;104.6;94.5;102.5;85.5,,,,,,,,,,,
E07000168;Scarborough;111.6;102;159.8;127.7;109.7;129.7;98.2;104.3;98.7;104;82.9;78.4;22.4;136.3;91.1;97.7;95.7;95.8;98.4;99.3;85.2;118.2;110;133.3;101.4,,,,,,,,,,,
E07000169;Selby;84.4;97;101.1;109.3;90.2;103.9;91.3;88.8;93;97.7;83.7;80.4;16.4;74.2;92.1;96.9;96.5;103.3;98;99;74.7;122.4;102.7;112.9;96.8,,,,,,,,,,,
E07000170;Ashfield;114.4;118.6;101.3;111;117.3;106.8;112.9;116.9;113.7;116.4;81.6;78.2;22.5;122.6;103.4;118.1;106.7;96.3;104.4;104.9;122.1;98.2;98.4;107.4;108,,,,,,,,,,,
E07000171;Bassetlaw;107.2;108.2;96.9;105.4;104.5;103.3;110.1;107.1;108.3;107.1;82.1;78.9;21.8;112;101.1;111.6;96.2;101.9;102.3;105.8;104.9;104.5;95.9;114.3;104.8,,,,,,,,,,,
E07000172;Broxtowe;88.6;93.3;101.9;102.3;92.7;101.7;98.7;92.6;99.3;101.7;83;80.4;18.8;88.5;97.7;94.7;97.2;108.6;99.8;92.2;70.8;91.2;97.8;83.8;80.6,,,,,,,,,,,
E07000173;Gedling;87.3;98.6;110.5;92.9;88.2;103.5;92.2;87.7;101.3;103.4;83.1;80.4;19.3;88.6;105.5;92.1;106.2;98.6;99.7;93.9;68.4;86.7;102.5;81.4;83.3,,,,,,,,,,,
E07000174;Mansfield;131.9;129.8;106.4;108.3;105.7;108.8;117.5;119.2;117.2;117.1;81.4;78;23.7;139.3;100.6;127.5;105.9;93.5;106.5;114;122.8;78.9;99.7;102.7;113.2,,,,,,,,,,,
E07000175;Newark and Sherwood;92.4;93.9;100.1;94.5;84.6;96.3;96.9;94.6;103.3;101.5;82.9;79.9;20.3;103.2;105.3;98.3;102.5;92;100.1;106.2;77.5;81.6;94.2;87.7;91.2,,,,,,,,,,,
E07000176;Rushcliffe;68.3;74.9;95.4;87.5;73.8;89.7;86.6;78.5;91.3;88.8;84.7;81.6;15.7;71.3;95.8;69.1;104.3;100.9;94;83.1;45;70.9;83.8;67.8;69.3,,,,,,,,,,,
E07000177;Cherwell;82.7;92;85.6;79.6;78.7;82.4;95;86.8;94;93.8;83.8;81.1;14.1;91.3;121.1;93.9;101.1;103.5;99.7;107.4;83.5;95.5;88.2;85.7;102.9,,,,,,,,,,,
E07000178;Oxford;92.5;85.8;99.6;76.6;89.5;86;93.3;94.2;92.1;90.3;84.5;80.3;12.4;117.8;101.2;94.8;94.3;104.9;99.1;100;103.8;88.9;86.9;86.4;105.3,,,,,,,,,,,
E07000179;South Oxfordshire;61.4;79.4;96.5;69.2;62.7;79.5;77.6;70.4;85.3;84.7;85.6;82;13.8;97.7;114.8;66.9;99.1;105.7;96.4;96.8;51.5;69.1;82;60.9;81.3,,,,,,,,,,,
E07000180;Vale of White Horse;64.3;74.3;86.8;75;62.2;78.1;79.9;70.3;83.6;80.9;85.4;82.6;14.2;97.5;110.7;71.8;101.2;109.3;95.2;95;43.4;75.1;80.2;67.1;82.3,,,,,,,,,,,
E07000181;West Oxfordshire;69;76.7;91.7;77.3;67.4;81.6;89.4;76.2;90.8;89.3;84.7;81.8;14.5;98.4;127.2;80.9;101.3;109;98.9;101.8;45;82.2;79.4;71.7;86.6,,,,,,,,,,,
E07000187;Mendip;78.4;86.6;106.8;81.7;75;89;89;82.1;91.3;92.4;84.3;80.8;17.8;129.4;101.1;74.9;98.6;110.2;97.3;93.6;67;83.5;91.6;84.6;92.1,,,,,,,,,,,
E07000188;Sedgemoor;87.3;80.1;99.8;93.5;88.7;95.3;88.7;88.8;93.8;92.8;84.1;80.3;19.6;133.2;91.6;82.2;95.3;98.7;95;108.5;92.9;101.6;111.3;89.3;102.6,,,,,,,,,,,
E07000189;South Somerset;81.8;81.7;100.6;77;80.1;90.2;89.6;85.8;91.8;92;84.6;80.5;18.2;171.5;84.7;73.5;103.5;102.7;93;98.3;77;99.1;108.3;96.9;104.6,,,,,,,,,,,
E07000192;Cannock Chase;110.3;107.8;104.5;123.8;106.8;108.7;111.4;110.7;107.1;107.1;82.5;78.7;20.7;115.4;90.4;105.6;98.3;93.4;99.2;108.2;114.7;109.9;94.2;98.3;96.6,,,,,,,,,,,
E07000193;East Staffordshire;110.1;104.5;99.3;105.6;103.1;104.5;106.1;107.2;105;104.6;82.5;78.9;17.7;111.5;92.9;95;110.2;100.6;102.1;109.3;100.5;102.5;89.1;118.2;113.3,,,,,,,,,,,
E07000194;Lichfield;80.6;90.5;100.1;95;91.3;99.2;87.4;88.6;91.7;97.4;83.4;80.6;18.1;87.4;93.9;72.8;97.3;101.4;92.2;99.9;80.9;88;80.1;92.9;97.7,,,,,,,,,,,
E07000195;Newcastle-under-Lyme;107.1;112.3;73.8;110.2;109.5;95.9;105.7;108.8;103.6;104.2;82.6;79;20.8;141.1;80.7;102.4;106.2;91.4;97.5;103.9;129.3;101.7;104;85.4;124.2,,,,,,,,,,,
E07000196;South Staffordshire;81.7;78;99.6;98.1;82;99.9;93.1;85.9;94.7;96.2;84.2;80.3;18.7;93.1;106.3;77.8;99.7;110.9;97;94.2;63;96.7;87.3;82.4;85.3,,,,,,,,,,,
E07000197;Stafford;85.8;91.3;92;105.2;82.2;96.3;90.7;89.1;94.9;93.7;83.8;80.5;18.2;118;88.8;79.8;103.4;105.7;96.7;94.2;71.1;100.1;90;86.4;100,,,,,,,,,,,
E07000198;Staffordshire Moorlands;90.3;111;94.9;101.2;84;99.1;94.1;93.2;96.5;102.3;83.1;80;21.1;107.7;80;86;101.9;95.5;93;95.6;83.6;92;93.3;73.7;98.6,,,,,,,,,,,
E07000199;Tamworth;106.5;110.8;110.9;109.5;102.3;106.7;108.1;101.2;111.4;102.8;82.9;79.1;17.9;102.3;101.4;114.4;96.6;89.4;100.1;106.3;121.5;109.6;85.3;103.5;121.9,,,,,,,,,,,
E07000200;Babergh;69.6;79.5;86.3;75.9;71.3;85.4;84.5;76.1;87.8;89.3;84.8;81.6;17.4;88.1;111.3;68.6;106.5;102.4;96.4;100.8;59.1;77.5;86.5;76.3;81.3,,,,,,,,,,,
E07000202;Ipswich;99.3;99.7;83.5;97.2;112.3;98.5;106.1;104.4;105.7;101.8;83.2;79.5;17.6;140.3;114.2;100.8;100.4;83.5;98;98.4;118.2;94.1;95.9;107.8;102.2,,,,,,,,,,,
E07000203;Mid Suffolk;66.1;71.7;86.1;81.2;70.2;85.7;88.1;75.5;88.9;86.8;85.1;81.7;16.6;80.6;115.9;63.3;97.3;93;93.6;90.7;58.6;85.2;83.8;83.7;78.1,,,,,,,,,,,
E07000207;Elmbridge;64.8;84.2;91.1;73.7;65;86.1;75.3;69.5;84;80.9;85.6;82.7;12.1;68.2;117.5;71.5;98.8;111.3;98.9;100.7;43.3;74.8;83.4;67.5;75.2,,,,,,,,,,,
E07000208;Epsom and Ewell;62.8;89.2;88.6;63.1;63.7;73;77.4;67.5;81.7;79.7;86.2;82.2;13.4;96.3;123;74.5;85.2;105.6;96.5;87.8;54.5;77.5;75.9;77.4;92.2,,,,,,,,,,,
E07000209;Guildford;65.9;81.2;84.8;74.7;66.1;83.2;84.2;73.8;87.4;84;85.3;82.2;12.6;118.6;106.8;61.5;93;108.6;95.8;91;56.3;66.9;100.8;68.7;94.8,,,,,,,,,,,
E07000210;Mole Valley;68.9;85;84.3;67.7;56.7;74.7;83.8;74;86.4;80.8;86;82.1;14.7;95.9;114.5;75.9;102;114.5;100.4;88.5;55;67.3;76.6;66.6;86.4,,,,,,,,,,,
E07000211;Reigate and Banstead;77.1;107;98.6;81.2;72.8;90.6;89.8;82.8;91;94.4;84.2;80.9;14;99.1;121.4;84.3;99.7;109.6;103;102.3;64;63.1;80.2;68.2;89.5,,,,,,,,,,,
E07000212;Runnymede;84.5;104.9;96.4;83.8;77.3;90.1;99.8;89;99.5;90.8;84.5;80.9;13.9;43.6;103.5;83.1;96.1;108.9;105.4;89.4;77.7;99.5;86.9;81.6;77,,,,,,,,,,,
E07000213;Spelthorne;74.8;92.6;95.1;92.5;92.8;93.1;89.8;86.1;95.9;93.9;84;80.8;14.9;60.8;114.3;97.5;114.4;105.7;105.2;85.1;71.8;96.1;93.1;80.8;82,,,,,,,,,,,
E07000214;Surrey Heath;65.1;85;82.7;71.4;60.1;80.6;80.1;71.2;89;88.7;84.8;82.2;12.6;101.1;88.7;73.1;102.3;110.1;96.3;104.1;64.1;70.3;86.1;72.4;93.3,,,,,,,,,,,
E07000215;Tandridge;71;96.9;89.6;69.5;75.3;81.5;82.1;79.6;87.6;88.3;84.9;81.5;14.8;86.4;122.3;69.2;99.4;103.3;97.5;95;54.3;69.8;75.6;72.5;80.9,,,,,,,,,,,
E07000216;Waverley;64.5;78.4;80.2;72.6;59.7;79.4;80.5;71.8;81.6;82.2;85.6;82.2;13.9;102.7;107.1;59.2;92.4;116.9;94.8;93.9;51.8;66.1;94;66;89.6,,,,,,,,,,,
E07000217;Woking;76.8;87;85.1;74.9;74.2;84.1;92.2;83.4;89.7;85;84.2;82.1;13;67.6;105.5;72;98.8;108;94.5;88.1;56.2;84.1;85.2;75.1;79.4,,,,,,,,,,,
E07000218;North Warwickshire;96.7;109.7;106.3;104.5;108.7;104.3;93.4;99.9;95.7;110.5;82.5;78.9;19.2;79.3;86.6;83.7;92.3;105.9;94.7;113.2;87.2;87.8;101.5;80.3;87.4,,,,,,,,,,,
E07000219;Nuneaton and Bedworth;115.1;115;102.9;114.1;118.2;111.2;112.2;115.7;108.5;113.2;82.2;77.9;19.5;108.2;84;103.9;95.9;88.5;96.2;111;107.5;92.7;113.5;93.1;97.1,,,,,,,,,,,
E07000220;Rugby;95.8;83.7;93.1;95.1;94.2;93.6;96.4;96.4;97;95.8;83.5;80.2;16.1;102.9;95.9;85.4;93.5;110;98.4;98.9;74;84.1;82.8;66.5;92.9,,,,,,,,,,,
E07000221;Stratford-on-Avon;74.5;72.1;88;81.6;76.7;84.1;87.9;80.8;89;88.3;85;81.2;16.9;94.4;97.7;70.1;88.3;101.1;90.4;99.3;55.2;71.9;77.5;79.6;82.2,,,,,,,,,,,
E07000222;Warwick;76.9;81;94.6;85.4;85.9;91.2;92.9;86.8;90.8;88.4;84.5;81.2;14.8;83.6;89.3;78.2;90.9;98.4;92.1;105.8;74.5;65.4;87.9;85.4;90.4,,,,,,,,,,,
E07000223;Adur;82.1;95;103.8;93.7;84.5;100.2;97.4;89;99.2;96.3;83.6;80.9;20.1;136.9;115.6;94.2;86.9;103.5;103.6;102.6;57.5;88.4;91.6;85.2;99.5,,,,,,,,,,,
E07000224;Arun;93.3;86;94.5;95;95.6;96.6;100;95.1;100;96.9;83.5;79.9;21.1;157;126.1;95.2;105.1;96.8;104.8;107.2;64.7;93.9;98.5;91.1;103.6,,,,,,,,,,,
E07000225;Chichester;77.8;81.1;96.3;80.9;77.4;87.4;89.3;83.9;93.6;91;84.6;80.7;17.5;126.3;124.9;72.2;95.7;109;98.5;99.6;58.8;78.2;101.5;77.8;99.8,,,,,,,,,,,
E07000226;Crawley;99.6;106.2;83.8;96.3;95.9;91.2;102.7;97.7;99.4;92.6;83.8;80.3;14.7;119.5;123.9;101;110.4;109.4;106.5;99.7;80.1;76.6;81.9;87.2;86.9,,,,,,,,,,,
E07000227;Horsham;66;77.4;89.9;73.3;62.7;81.4;79.1;71;85;83.8;85;82.5;14.8;86.4;132.3;59.5;104.2;100;97.3;90.7;41.2;68.1;78.5;65.7;77.9,,,,,,,,,,,
E07000228;Mid Sussex;64;77.9;108;68.2;63.5;83.6;84.2;73.7;88.8;88.6;85;81.4;14.2;111;111.7;60.3;100.1;98.6;95.9;93.3;46.5;60.5;79.6;62.6;80,,,,,,,,,,,
E07000229;Worthing;90.9;89.3;100;100.5;97.2;101.9;96.5;95.6;97.3;103.9;83.2;79.3;19.4;140;113.6;86.1;102.2;109.6;102;107.4;56.5;96.5;99;87.3;99.7,,,,,,,,,,,
E07000234;Bromsgrove;75.3;93.9;94.5;70.4;75.5;83.4;89.5;83;92.8;97.4;83.9;80.4;17.6;82.5;130;79.2;97.1;109.8;100.6;102.6;74.7;81.1;83.1;84.9;87.9,,,,,,,,,,,
E07000235;Malvern Hills;71.9;92.9;134.1;78.7;64;95.8;85.6;77.8;93.3;97.1;83.7;81.1;19.5;70.5;108;68.3;116.3;106.4;97.8;109.4;48;73.2;83.8;63.4;67.8,,,,,,,,,,,
E07000236;Redditch;99.4;118.1;93.9;76.5;104.5;89.8;98.5;103.3;100.5;100.1;83.5;79.2;17.1;115.3;124.2;94.8;106.5;95;102.2;118.6;159.5;98.8;93.5;111.4;109,,,,,,,,,,,
E07000237;Worcester;99.2;109.9;120.3;96;115.3;105;100;101.7;100.8;102.5;83.4;79;16.2;81.2;118.4;86.8;119.7;107.7;105.5;107.1;87.2;85.8;99;76.5;86.4,,,,,,,,,,,
E07000238;Wychavon;78.7;80.2;82.1;78.1;73.2;82.1;87.9;80.8;88.5;84.3;85.1;81.2;17.6;78.3;114.3;73.6;116.4;97.8;98.7;96;68.8;78.1;81.5;71.7;77.7,,,,,,,,,,,
E07000239;Wyre Forest;103.6;102.4;122.3;92.4;107.2;101.8;102;104.4;101;102.3;83.3;79;19.9;93.3;103.5;85.8;114.5;105.3;101.2;94;72.8;80;89.9;68.7;76.1,,,,,,,,,,,
E07000240;St Albans;67.6;84.2;82.9;70.9;68;79.7;85.8;75;87.5;84.3;85.2;82;12.9;58;101.6;69;101.5;108;94;94.7;50.8;79.4;84.5;71.2;79,,,,,,,,,,,
E07000241;Welwyn Hatfield;85.1;94.7;100.6;86.8;88.9;88.9;89.3;88.1;93.4;92.5;84.3;80.8;14.4;50.6;101.6;86;97.7;101.9;95.7;93.5;90.6;77.4;92.7;76.2;89.3,,,,,,,,,,,
E07000242;East Hertfordshire;65.6;87.2;81.1;81.7;69;83.2;82.3;74.8;86.9;85.7;85.1;81.8;13.1;39.8;123.8;71.8;94.8;100.7;98.4;93.8;59.6;77.2;73.7;73.4;77.1,,,,,,,,,,,
E07000243;Stevenage;102.4;109.4;107.3;98.6;101.3;97.7;112.1;106.3;112;107.1;82.7;79;15.7;83;98.3;110.6;98.1;113.7;105.8;109.8;125.1;101.2;96.6;95.3;112.5,,,,,,,,,,,
E07000244;East Suffolk;82.2;84.6;92.3;91.1;84.6;94.1;92.3;86.7;95.3;93;83.9;80.7;20.3;100;115.4;79.5;104.7;97;96.9;93.9;70.8;95.9;89.9;93;79.9,,,,,,,,,,,
E07000245;West Suffolk;82.5;78.1;94.9;88.1;85.9;91.9;86.6;82.7;91;89.1;84.4;81.4;15.9;110.4;98.8;79.9;99.3;105;97;90.4;88.1;95.8;93.2;93.2;87.6,,,,,,,,,,,
E07000246;Somerset West and Taunton;85;77.7;109;86.4;79.7;95.8;92.5;90.8;93.2;94.8;83.9;80;19.6;176.3;91.4;78.4;92.8;98.7;94.1;108.5;83.4;86.8;111.4;78.7;104.8,,,,,,,,,,,
E08000001;Bolton;129.9;141;108;122;136.4;111.8;108.5;124.3;104.5;114.6;81.6;77.8;19.8;114.8;85.1;120;105.4;92.7;98.8;111.4;125.5;134.2;131.1;132.3;108.3,,,,,,,,,,,
E08000002;Bury;115.7;114.7;103;125.9;116.9;106.2;108.9;112.7;108.7;111.9;81.8;78.7;18.8;103.3;103.2;123.9;103.1;94.8;105.6;108;102;108;111;114.5;106.2,,,,,,,,,,,
E08000003;Manchester;162.3;156;123.9;172.6;173.3;138.6;137.1;149;127.1;130.8;79.9;76.1;17.8;82.5;91.9;202;106.8;101.3;116.6;115.3;220.2;128.8;149.6;156.5;132.9,,,,,,,,,,,
E08000004;Oldham;140.4;126.9;112.6;144.8;142.6;120;125.4;131.8;114.8;119.6;80.9;77.5;19.7;97.4;92.3;138.9;102;99.7;106;103.3;146.4;136.5;119.4;131;126.3,,,,,,,,,,,
E08000005;Rochdale;146.1;133.5;117;146.8;147.9;121.7;118.5;132.1;112.5;118.8;81;77.3;21;101.2;92.3;143.3;96;98.9;104.9;114.6;157.4;123.1;124.2;131.6;122.6,,,,,,,,,,,
E08000006;Salford;145.3;143.5;103;123.1;136.5;112.5;123.9;133.9;116;119.8;81;77.3;20.7;184.6;82.1;161.1;103.4;97;108.6;114.4;176.7;133.4;129.3;143.6;127.8,,,,,,,,,,,
E08000007;Stockport;103.2;89.7;99.8;109.8;93.7;99.6;102.8;100.7;101.1;97.7;83.3;79.8;18.4;113.1;75.5;109.3;108.1;100.6;101.4;100.2;122.5;123.8;101.5;129.9;123.1,,,,,,,,,,,
E08000008;Tameside;144.6;144.9;125.8;156;145.4;127.7;115.4;126.9;115.8;126.7;80.7;77.5;20.9;128.5;83.1;151.1;112.6;100.8;108.5;121;176.3;131.6;126.9;149.2;122,,,,,,,,,,,
E08000009;Trafford;97.5;94.1;104.2;106.1;98.4;100;97;94.6;96.4;95.1;83.9;80.2;17;80.5;92.7;114.8;100.9;101.6;103.3;98.1;99.7;97.6;122.3;102.7;107.4,,,,,,,,,,,
E08000010;Wigan;129.7;144.9;121.6;120.8;132.7;121.6;110.3;121.9;109.1;119.5;81.2;77.8;21.5;171;84.2;132.5;102.7;96.7;103;116.7;118;112.1;128.7;106.4;107.6,,,,,,,,,,,
E08000011;Knowsley;158.1;154.7;106.7;122.2;139.9;114.7;143.3;144.2;132.6;126.7;80.4;76.7;24.5;175.5;86.2;184.3;104;94.7;115.7;120.2;202.1;129;113.3;162.8;158.1,,,,,,,,,,,
E08000012;Liverpool;159.7;146.7;114.3;112.1;142.4;110.4;133.6;146.2;127.7;127;80.3;76.5;22.4;130.3;82.7;181.8;111.1;96.5;113.8;119.7;194.1;100.1;113.6;132.8;135.8,,,,,,,,,,,
E08000013;St. Helens;132.2;144;105.2;114.3;127.7;111.4;111.8;126.4;110.4;119.4;81.1;77.6;23;220.1;84.5;120.4;110.7;92.8;104.9;109.5;119.2;130.7;108.2;140.7;133,,,,,,,,,,,
E08000014;Sefton;114;97.6;91.5;93.7;107.1;92.9;106.1;110.3;106.1;102.5;82.6;78.7;22.7;152.4;89.4;116.8;98.3;95.3;101;100.4;124.1;89.3;91.6;118.3;126.2,,,,,,,,,,,
E08000015;Wirral;123.2;125.6;105.7;93;105.1;96.9;112.1;118.4;109.9;110;81.9;78.3;22.6;147.6;96.4;116.1;114.5;107;110.3;100.1;130;83.3;98.1;107.8;126.5,,,,,,,,,,,
E08000016;Barnsley;120.9;127.1;107.1;120.3;122.4;110.6;112.1;117.1;109.9;113.9;81.8;77.9;23.9;162.2;73.3;130.8;95.6;99.7;99.6;106.3;202.8;176.3;137.4;192.1;126,,,,,,,,,,,
E08000017;Doncaster;125.8;126.6;94.2;117.2;114.2;105.4;119.4;119;117.2;113.9;81.6;78.1;21.7;119.7;99.4;137;100.6;101.1;107.5;106.4;127.8;112;105.9;112.7;114,,,,,,,,,,,
E08000018;Rotherham;122.5;135.3;99;112;117.8;107.8;113.9;119.8;110.8;114.1;81.7;77.8;22;86.5;93.4;126.2;101.8;100.4;104.7;102.5;154.7;122.4;105.8;123.3;99.6,,,,,,,,,,,
E08000019;Sheffield;108.8;90;103.7;117.8;112.3;109.4;104.2;106.5;105.9;105.9;82.5;79.2;18.8;71.3;85.8;127.6;95;100.7;103.2;99;132.1;96.7;109.1;102.1;99.4,,,,,,,,,,,
E08000021;Newcastle upon Tyne;140.3;124.8;111.5;100.5;122.2;101.9;125.6;126.7;120.5;113.9;81.5;77.9;18.8;129.6;77.5;164.4;107.8;101.8;114;115.6;184.4;111.1;124.3;99.2;113.7,,,,,,,,,,,
E08000022;North Tyneside;124.4;113.7;115.1;111.2;111.3;104.9;114.7;116;116.4;112.3;82.1;78.1;20.6;178.8;82.8;137;99.6;93.5;108.2;117.7;137.2;121;133.6;121.8;126.2,,,,,,,,,,,
E08000023;South Tyneside;142.7;140.7;115;106.7;115.8;105.9;117.6;126;118.9;119.1;81.7;77.3;23.3;140.6;85.9;159.8;112.2;98.4;112;111.1;186.8;105.1;98.2;126.9;127,,,,,,,,,,,
E08000024;Sunderland;140.8;135.5;121.8;115.2;120.6;109.8;123.4;126.2;123.4;123.2;81.3;77.1;23.4;91;83.9;152.4;108.8;100.5;110.1;122.5;189.1;128.3;111.9;111.3;112.2,,,,,,,,,,,
E08000025;Birmingham;122.2;113.5;97;117.7;131.8;108.1;111.6;123.9;105.5;108.6;82.2;77.7;18.4;91.4;100.4;113.1;95.6;93.7;99.4;104.7;144.8;126.5;105;126.1;130.7,,,,,,,,,,,
E08000026;Coventry;118.2;104.4;100.7;111;117;106;106.7;114.5;108.5;108.6;82.3;78.6;17.7;106.8;87.4;117.1;93.4;99.1;99.3;104.1;120;104.1;92.9;89.2;112.7,,,,,,,,,,,
E08000027;Dudley;108.9;103.1;98.7;110.1;104.4;105.1;112.4;106.3;106.7;103.9;82.7;79.1;20.3;106.3;107.7;93.5;101.4;104.8;98.6;106;116.8;102;89.7;94.7;105.6,,,,,,,,,,,
E08000028;Sandwell;133.3;130.4;98.1;143.6;144.1;120.9;116.6;131.5;113.6;119.4;81.3;77;20.9;99.3;90.3;117.1;99.1;92.2;99.6;107.1;164.7;115.8;104.9;116.4;120.7,,,,,,,,,,,
E08000029;Solihull;86.7;83.4;89.2;83.5;79.3;84.8;93.1;88;95.3;89.3;84.3;80.6;17.9;104.3;116.3;84.7;104.7;103.6;101;102.5;91.8;80.7;75.2;88.9;118.2,,,,,,,,,,,
E08000030;Walsall;123.9;113.7;108.7;132.3;135.7;117.6;114.8;122;110.2;111.8;82;77.7;20.8;91.6;96.6;106;109.9;91.4;100.6;109.8;138.6;130.3;96.1;141;117.4,,,,,,,,,,,
E08000031;Wolverhampton;129.2;106.5;116;134.1;151.3;121.9;116.7;131;108.4;117.3;81.6;77.2;20.5;112.8;96.2;101.3;109.8;96.3;99.3;110.1;97.6;125.2;111.1;105.3;109.5,,,,,,,,,,,
E08000032;Bradford;122.6;119.4;119.5;144.5;142.2;124.5;110.3;121.2;104.1;113.9;81.8;77.8;17.3;125.6;93.9;112.3;97;89.9;99.8;97.7;131;154.8;101.7;153.1;133.2,,,,,,,,,,,
E08000033;Calderdale;114.8;110.7;99.5;116.7;122.9;111.1;103.7;110.3;105;107;82.3;78.7;18;96.5;95.8;109.3;92.4;84.6;96.8;98.5;111.5;120.2;93.5;120.2;113.2,,,,,,,,,,,
E08000034;Kirklees;109.6;105.6;113.1;115.3;112.5;111.7;105.7;108.8;103.1;107.3;82.5;78.7;17.7;84;96.4;113.4;91.3;90.3;97.6;92;108.6;123.2;98.7;114.5;103.9,,,,,,,,,,,
E08000035;Leeds;123;108.1;103.4;128.6;117.7;114;111.6;115.6;110;112.2;82;78.1;16.7;113.2;95.6;141;102;97.4;108.4;106.6;116.2;140.3;107.6;110.9;95.2,,,,,,,,,,,
E08000036;Wakefield;128.4;118.5;109.6;123.3;126.3;109.1;109.6;120.3;109.8;112.9;81.9;77.9;22.1;106.7;88.5;133.1;100.5;100.5;105.1;93.8;135.8;128.4;105.7;108.1;110.9,,,,,,,,,,,
E08000037;Gateshead;139.9;113.5;116;113.8;123.8;111.1;120.3;126.8;116.3;115.2;81.6;77.7;22.2;142.8;92.8;153.2;105.7;92.4;109.2;110.4;170.5;102.4;125.1;96.5;112.9,,,,,,,,,,,
E09000001;City of London;67.9;44.6;22.3;67.6;64.9;51.4;72.4;66.2;62;52.8;90.2;91.1;11.5;28.3;71;66.8;69.5;84.2;78.4;83.8;37.5;57.4;70.4;62.5;67.1,,,,,,,,,,,
E09000002;Barking and Dagenham;114.9;133.1;92.9;104.4;136.3;106.7;115.5;120.2;114.6;110;82.2;77.9;16.4;40.2;124.3;138.6;98.9;93.7;105.1;104.9;159.9;103.3;105.1;114;101.2,,,,,,,,,,,
E09000003;Barnet;65.4;77.4;69.7;88.5;78.4;100.1;76.8;72.3;78.5;79.9;85.7;82.4;14;50.1;89.4;79.3;76.4;93.2;87.1;85.4;54.7;78.2;100.8;71.2;79.3,,,,,,,,,,,
E09000004;Bexley;88.6;88.3;91.4;90.9;88.3;94.1;99.8;92.5;101;95;84.1;80;16;44.9;125.2;101.9;97.1;99.7;103.2;99.8;95;67.6;90.1;81;96.7,,,,,,,,,,,
E09000005;Brent;83.1;72.4;90.3;103.5;115.5;110.6;86.2;90.9;83.7;85.4;85.3;80.9;14.4;28.1;91.4;82.9;82;89.9;89.5;68.3;77.1;98.1;123.8;113;97,,,,,,,,,,,
E09000006;Bromley;72.2;83.5;90.1;80.1;74.7;87.3;86;78.1;91.8;86.8;85.1;81.5;15;47.5;119.5;79.6;103.3;106.7;99.4;91.8;68;61.6;78.5;71.6;76.1,,,,,,,,,,,
E09000007;Camden;88.5;69.9;62.2;74.5;80.8;69.3;84.6;83.2;80.1;72.1;87;82.8;14.4;33.8;81.8;100.8;71.2;82.5;84.7;77.7;93.9;61.5;87;56.3;71.4,,,,,,,,,,,
E09000008;Croydon;86.5;96.4;100.4;88;96.9;92.8;91.4;94.1;89.6;93.8;83.8;80.4;14.6;52;138;84.6;87.8;96.5;97.8;87.1;85.4;82.3;102;96;95.9,,,,,,,,,,,
E09000009;Ealing;93.5;89;92.2;97.3;105.8;97.3;88.5;93.3;84.9;87.8;84.6;80.9;14.1;51.9;84.7;84.4;91.1;101.1;92.1;85.4;87.9;92.2;113.7;123.9;108.5,,,,,,,,,,,
E09000010;Enfield;80.9;85.2;85.3;95.4;100.8;112.1;92.2;88;90.2;89.9;84.6;80.6;15.4;34.6;119.4;90.4;94.1;98.7;97.5;86;70.2;114.9;107.3;108.4;92.6,,,,,,,,,,,
E09000011;Greenwich;101.9;101;92.6;98.1;106.9;95.5;109.7;105.8;105.4;100.6;83;79.5;15.1;35.4;109.1;121.6;101.5;102.7;99.5;99.8;111;71.2;109.4;91.7;104.2,,,,,,,,,,,
E09000012;Hackney;108.7;92.1;87.9;117;127.8;104.2;108;110.2;102.2;97.5;83.6;79.3;14.5;41;123.4;131.3;98.4;88.7;101.8;76.1;113.5;107.4;150.9;110.8;99,,,,,,,,,,,
E09000013;Hammersmith and Fulham;107.8;94.1;83.5;88.8;98.3;92.9;100.7;100.7;97.1;93;84.5;79.7;12.6;38.5;108.9;126.1;101.9;93.2;101.6;82.9;142.8;78.4;96.9;80.8;90.8,,,,,,,,,,,
E09000014;Haringey;89.8;80.1;81.1;95.4;111.5;108.2;91.4;93;91.1;88.9;84.8;80.5;14;36.1;116.6;98.4;91.1;91.4;97.2;75.7;74.2;97.8;139.9;99;90.1,,,,,,,,,,,
E09000015;Harrow;64.9;70;73.7;91.4;80.6;96.9;73.4;73.6;77.5;74.7;86;82.9;14.6;35.3;94;68.5;83.5;90.4;85.2;75.2;61.8;91.9;96.4;115.8;93.1,,,,,,,,,,,
E09000016;Havering;89.6;102.1;85.3;89.9;95.9;92.3;104;93.8;102.6;96.8;84.1;80;17.3;39.7;125.2;98.9;100.6;100.3;103.4;101.7;101.4;81.2;90.4;85.9;88.3,,,,,,,,,,,
E09000017;Hillingdon;95.2;98.4;95.5;106.2;102.6;103.6;93.8;95;91.7;94.1;83.9;80.4;14.3;46.1;90.1;86.1;91.5;91.3;92.4;91.1;95.5;111.1;110.2;117;96.1,,,,,,,,,,,
E09000018;Hounslow;96.2;96;106;115.8;113;105.9;84.6;95;86.3;94.7;84;80;13.8;67.2;76.2;92.2;77.6;98.4;89.9;86;102.7;131;110.6;145;120.5,,,,,,,,,,,
E09000019;Islington;112.8;94.2;94.8;107.9;108;102.7;109.1;106.4;105;99.1;83.3;79.5;15.7;43.1;104.5;141.8;91.5;98;105.1;98;137.2;77.6;125.5;83.3;85.7,,,,,,,,,,,
E09000020;Kensington and Chelsea;75.2;60.3;72.8;55.3;63.7;67.3;75.1;72.1;77.2;68.5;86.9;83.8;12.3;34.4;92.7;95.5;77.5;86;84.8;72.9;75.6;58.7;82.1;66.4;71.8,,,,,,,,,,,
E09000021;Kingston upon Thames;78.8;83.3;70.9;89.4;79.9;92.6;83.6;79.1;83.4;85.1;85;81.5;12.4;53.5;104.5;80.5;96;97;94.3;92.5;62.1;80.4;84.4;86.2;89.7,,,,,,,,,,,
E09000022;Lambeth;105.8;85.7;103.7;101.2;119.9;103.6;103.1;107.1;99.7;97.5;83.8;79.1;12.8;40.4;133;115.1;97.1;95.8;103.6;75.2;122.2;66.3;127.8;75;92.1,,,,,,,,,,,
E09000023;Lewisham;104.4;112.7;104.5;95.3;110.1;99.2;104.4;105.1;100.7;98.7;83.6;79.2;14.4;46.9;134.9;113.6;92.7;92.3;98.8;82.9;118.8;81.3;113.2;82;91.3,,,,,,,,,,,
E09000024;Merton;78.7;90.3;93;89.4;90.2;94.7;88.9;84.1;91.3;90.4;84.4;81;12.6;45.7;115.6;93.8;91.6;102.7;98.6;88.6;83.8;75.8;96.9;79.9;105.1,,,,,,,,,,,
E09000025;Newham;92.2;103.3;110.7;114.4;133.9;110.6;94.3;103.1;93.1;97.5;83.2;80;13.9;43.7;100.4;101.1;89.2;81.9;89.4;75;109.6;133.8;115.7;128.1;100.3,,,,,,,,,,,
E09000026;Redbridge;71.6;92.7;89.2;97.3;99.3;92.9;78.9;83.9;84.2;86.9;84.7;81.3;14.8;28.2;110.3;75.5;82.1;102.8;92.1;87.9;69;108.2;92.1;113.6;86.5,,,,,,,,,,,
E09000027;Richmond upon Thames;71.6;71.3;69.7;76.1;71.6;76.7;80.1;73.6;83;77.6;86.1;82.3;11.5;67.8;105.1;79.6;102.5;112.5;97.1;86.3;55.8;72.6;79.9;73.5;86.2,,,,,,,,,,,
E09000028;Southwark;104.7;88;91.7;86.5;101.1;93.6;102.9;102.5;100.2;93.8;84.6;79.4;13.5;50.5;122.8;134.2;100.2;89.9;100.8;86.7;150.3;68.8;121.5;79.9;91.7,,,,,,,,,,,
E09000029;Sutton;80.9;101;89;80.4;75;86.5;90.2;85.4;93.5;91.5;84.2;80.8;14.3;83.8;110.1;90.1;98.5;113;100.9;101.5;93.7;91;93;89.9;103.2,,,,,,,,,,,
E09000030;Tower Hamlets;99;115.4;102;114.8;118.3;103.9;92;98.4;98.6;97.9;83.2;79.7;13.5;32.5;68.9;130.4;81.6;82.5;89.5;96;178.1;111.1;98.2;105.5;91.2,,,,,,,,,,,
E09000031;Waltham Forest;90.6;96.3;84.7;97.8;115.3;97.2;93.2;94.9;90.2;90;84.6;80.3;14.6;30.5;116.2;91.4;96;98;96.4;80.5;95.4;109.3;99.2;100.4;98.6,,,,,,,,,,,
E09000032;Wandsworth;86.5;87.7;88.8;88.4;101.5;100;93.1;89.3;96.1;93.1;84;80.4;11.2;37.5;106.1;102.1;94.9;94.8;100.8;76.2;102.1;69.8;96.7;82.7;91.4,,,,,,,,,,,
E09000033;Westminster;72.7;65.3;79.1;66.6;77.1;73.9;70.7;72.6;73.6;70.2;86.7;83.8;14.1;33.6;88.5;88.8;68.6;80.7;83.4;68;59.4;62.3;90.1;69.1;69.9,,,,,,,,,,,
